{
    "regular": {
        "mean": 0.35853751142597234,
        "median": 0.358974358974359,
        "std": 0.20385687631545166,
        "min": 0.009174311926605505,
        "max": 0.8421052631578948
    },
    "short": {
        "mean": 0.4064350120477882,
        "median": 0.4,
        "std": 0.22095362555361245,
        "min": 0.0625,
        "max": 0.923076923076923
    },
    "all": {
        "mean": 0.37063044475128226,
        "median": 0.37089947089947095,
        "std": 0.2093425550253384,
        "min": 0.009174311926605505,
        "max": 0.923076923076923
    },
    "correlations": {
        "view_count_rouge": 0.0966577595149806,
        "duration_rouge": -0.09674182443990637
    },
    "channel_stats": {
        "\u65e5\u30c6\u30ecNEWS": {
            "mean": 0.42080921378603986,
            "median": 0.38095238095238093,
            "std": 0.17527239808249562,
            "min": 0.10309278350515462,
            "max": 0.8421052631578948,
            "count": 5808
        },
        "GAL\u653e\u9001\u90e8\u3010\u77f3\u4e38\u4f38\u4e8c\u5207\u308a\u629c\u304d\u3011": {
            "mean": 0.5256973771567541,
            "median": 0.45454545454545453,
            "std": 0.19515354994245546,
            "min": 0.18181818181818182,
            "max": 0.923076923076923,
            "count": 4591
        },
        "NewsPicks /\u30cb\u30e5\u30fc\u30ba\u30d4\u30c3\u30af\u30b9": {
            "mean": 0.23014056783278852,
            "median": 0.15789473684210528,
            "std": 0.13473300094140225,
            "min": 0.0625,
            "max": 0.4666666666666667,
            "count": 4247
        },
        "TBS NEWS DIG Powered by JNN": {
            "mean": 0.3092235442187281,
            "median": 0.2807017543859649,
            "std": 0.1428701201091685,
            "min": 0.05405405405405406,
            "max": 0.5,
            "count": 3193
        },
        "ANNnewsCH": {
            "mean": 0.27790931977736194,
            "median": 0.26666666666666666,
            "std": 0.15967336415629757,
            "min": 0.04395604395604396,
            "max": 0.5142857142857143,
            "count": 2606
        },
        "FNN\u30d7\u30e9\u30a4\u30e0\u30aa\u30f3\u30e9\u30a4\u30f3": {
            "mean": 0.3281035973771742,
            "median": 0.2727272727272727,
            "std": 0.16275881594787944,
            "min": 0.03636363636363636,
            "max": 0.5714285714285714,
            "count": 2223
        },
        "\u4e2d\u7530\u6566\u5f66\u306eYouTube\u5927\u5b66 - NAKATA UNIVERSITY": {
            "mean": 0.3730928561088787,
            "median": 0.375,
            "std": 0.12224675940039283,
            "min": 0.2307692307692308,
            "max": 0.5925925925925927,
            "count": 2122
        },
        "\u3010\u306d\u3053\u305a\u3011\u6226\u3046\u77f3\u4e38\u4f38\u4e8c\u3000\u5fdc\u63f4tv\u3000": {
            "mean": 0.5742696875488834,
            "median": 0.631578947368421,
            "std": 0.09761597826268582,
            "min": 0.45714285714285713,
            "max": 0.6956521739130435,
            "count": 1396
        },
        "\u771f\u76f8\u6df1\u5165\u308a! \u864e\u30ce\u9580\u30cb\u30e5\u30fc\u30b9": {
            "mean": 0.5937561358727664,
            "median": 0.6,
            "std": 0.09995089170714339,
            "min": 0.4,
            "max": 0.7200000000000001,
            "count": 1389
        },
        "\u306b\u3063\u307d\u3093\u898b\u5b88\u308a\u515a": {
            "mean": 0.488519609071545,
            "median": 0.5,
            "std": 0.1539069167145682,
            "min": 0.16666666666666669,
            "max": 0.6666666666666666,
            "count": 1388
        }
    }
}